team,against,PTS_ht,pred_lb,pred,pred_ub
CLE,ORL,106,167.9,171.3,174.7
ORL,CLE,94,157.3,160.7,164.1
CLEORL,ORLCLE,200,325.20000000000005,332.0,338.79999999999995
