team,against,PTS_ht,pred_lb,pred,pred_ub
DEN,MIN,35,88.9,92.3,95.8
MIN,DEN,61,109.7,113.1,116.5
DENMIN,MINDEN,96,198.60000000000002,205.39999999999998,212.3
